Id,ActivityDay,DailyCalories,SedentaryMinutes,LightlyActiveMinutes,FairlyActiveMinutes,VeryActiveMinutes,DailySteps
4020332650,2016-05-03,2828,950,174,0,0,4496
4020332650,2016-05-10,2926,774,206,0,0,5546
8877689391,2016-04-22,3427,1141,236,2,61,18258
8877689391,2016-05-09,3710,1131,217,19,73,20226
6962181067,2016-04-21,2179,708,214,27,53,11835
6962181067,2016-04-25,2194,637,282,31,35,13239
4020332650,2016-05-05,3429,916,196,42,38,11728
1644430081,2016-04-14,3226,1125,252,58,5,11037
1644430081,2016-04-19,3300,1099,278,58,5,11256
1644430081,2016-04-28,3108,1157,227,53,3,9405
1644430081,2016-04-30,3846,816,402,71,9,18213
1644430081,2016-05-03,3324,1115,221,94,10,12850
2022484408,2016-04-20,2897,1053,276,63,48,15112
2022484408,2016-04-21,3158,1028,255,53,104,12453
2022484408,2016-05-09,2709,1061,297,47,35,13379
2347167796,2016-04-14,2010,705,206,48,1,10129
2347167796,2016-04-16,2670,968,268,72,66,22244
2347167796,2016-04-20,2198,1011,269,43,11,10999
3977333714,2016-04-16,1625,663,153,83,31,13459
3977333714,2016-04-17,1529,600,205,58,11,10415
3977333714,2016-04-19,1638,738,221,67,19,12414
3977333714,2016-04-20,1554,845,164,98,2,11658
3977333714,2016-04-23,1638,724,252,92,0,12058
3977333714,2016-04-30,1650,687,194,52,43,13238
3977333714,2016-05-02,1760,713,176,143,24,16520
3977333714,2016-05-04,1628,852,142,96,14,13559
3977333714,2016-05-05,1618,680,178,88,14,12312
3977333714,2016-05-06,1590,676,168,55,29,11677
3977333714,2016-05-07,1574,703,208,86,0,11550
3977333714,2016-05-08,1633,688,171,116,9,13585
3977333714,2016-05-09,1667,1159,151,122,8,14687
3977333714,2016-05-10,1630,676,196,115,1,13072
4319703577,2016-04-27,2324,680,300,47,6,10780
4388161847,2016-04-27,3074,684,241,48,11,11193
4388161847,2016-04-30,3283,537,300,43,14,12533
4388161847,2016-05-05,2899,896,199,39,12,9603
4388161847,2016-05-06,3425,1100,262,45,33,13175
4388161847,2016-05-07,4022,508,260,56,120,22770
4702921684,2016-04-17,3394,437,302,66,12,12692
4702921684,2016-04-23,3691,469,408,66,9,15126
4702921684,2016-05-08,3287,1019,192,125,9,12857
4702921684,2016-05-10,3172,701,262,37,1,10613
5577150313,2016-04-15,4005,695,199,54,115,12087
5577150313,2016-04-16,4274,472,158,56,184,14269
5577150313,2016-04-17,4552,525,159,37,200,12231
5577150313,2016-04-21,4018,670,175,74,110,10830
5577150313,2016-04-24,4392,425,141,65,210,15764
5577150313,2016-04-30,4501,621,163,45,207,12363
5577150313,2016-05-01,4546,499,178,72,194,13368
5577150313,2016-05-10,3841,639,194,37,104,8869
6775888955,2016-04-20,3727,1079,178,113,70,10771
6962181067,2016-05-02,2162,655,313,39,18,12912
7007744171,2016-04-22,2889,1065,261,50,64,15299
7086361926,2016-04-19,2944,671,124,69,67,10688
7086361926,2016-04-22,2846,762,153,59,58,9753
7086361926,2016-04-25,2752,706,129,39,69,10091
7086361926,2016-04-28,2862,810,161,48,54,11584
7086361926,2016-05-09,2960,743,171,50,67,13566
8253242879,2016-04-25,1909,1261,118,54,7,6829
8583815059,2016-04-22,2944,1170,212,54,4,8687
8583815059,2016-04-23,3012,1151,238,44,7,9423
8583815059,2016-04-24,2889,1188,206,44,2,8286
8583815059,2016-04-26,3093,1134,214,91,1,10499
8583815059,2016-04-29,3513,1069,258,67,46,15168
8583815059,2016-05-08,2940,1183,182,72,3,9217
8583815059,2016-05-10,2846,1226,162,43,9,8240
8583815059,2016-05-11,2804,1106,177,71,5,8701
8792009665,2016-04-23,2748,795,232,45,8,5245
1503960366,2016-05-12,0,1440,0,0,0,0
1624580081,2016-04-12,1432,1294,146,0,0,8163
1624580081,2016-04-13,1411,1292,148,0,0,7007
1624580081,2016-04-15,1344,1344,96,0,0,1510
1624580081,2016-04-16,1463,1264,176,0,0,5370
1624580081,2016-04-19,1435,1299,141,0,0,2916
1624580081,2016-04-20,1446,1289,151,0,0,4974
1624580081,2016-04-22,1470,1241,199,0,0,4026
1624580081,2016-04-29,1404,1290,150,0,0,2390
1624580081,2016-05-04,1368,1322,118,0,0,2193
1624580081,2016-05-07,1474,1258,182,0,0,2104
1624580081,2016-05-08,1427,1288,152,0,0,3427
1624580081,2016-05-09,1328,1349,91,0,0,1732
1624580081,2016-05-11,1359,1328,112,0,0,3134
1644430081,2016-04-24,2413,1351,89,0,0,3321
1644430081,2016-04-27,2489,1322,118,0,0,3032
1644430081,2016-04-29,2498,1193,120,0,0,3176
1644430081,2016-05-08,2987,991,295,0,0,6724
1844505072,2016-04-12,2030,1101,339,0,0,6697
1844505072,2016-04-13,1860,1192,248,0,0,4929
1844505072,2016-04-14,2130,843,373,0,0,7937
1844505072,2016-04-15,1725,527,176,0,0,3844
1844505072,2016-04-16,1657,1293,147,0,0,3414
1844505072,2016-04-19,1366,1430,10,0,0,197
1844505072,2016-04-20,1349,1439,1,0,0,8
1844505072,2016-04-22,1827,1220,220,0,0,5372
1844505072,2016-04-23,1645,1301,139,0,0,3570
1844505072,2016-04-24,1347,1440,0,0,0,0
1844505072,2016-04-25,1347,1440,0,0,0,0
1844505072,2016-04-26,1347,1440,0,0,0,0
1844505072,2016-04-27,1348,1439,1,0,0,4
1844505072,2016-04-28,1992,1138,302,0,0,6907
1844505072,2016-04-29,1856,1082,247,0,0,4920
1844505072,2016-04-30,1763,218,184,0,0,4014
1844505072,2016-05-02,1348,1440,0,0,0,0
1844505072,2016-05-03,1742,1256,184,0,0,4059
1844505072,2016-05-04,1549,1353,87,0,0,2080
1844505072,2016-05-05,1589,1320,120,0,0,2237
1844505072,2016-05-06,1351,1438,2,0,0,44
1844505072,2016-05-07,1347,1440,0,0,0,0
1844505072,2016-05-08,1347,1440,0,0,0,0
1844505072,2016-05-09,1347,1440,0,0,0,0
1844505072,2016-05-10,1347,1440,0,0,0,0
1844505072,2016-05-11,1347,1440,0,0,0,0
1844505072,2016-05-12,665,711,0,0,0,0
1927972279,2016-04-12,2220,734,55,0,0,678
1927972279,2016-04-13,2151,986,32,0,0,356
1927972279,2016-04-15,2221,941,51,0,0,980
1927972279,2016-04-16,2064,1440,0,0,0,0
1927972279,2016-04-17,2063,1440,0,0,0,0
1927972279,2016-04-18,2111,1423,17,0,0,244
1927972279,2016-04-19,2063,1440,0,0,0,0
1927972279,2016-04-20,2063,1440,0,0,0,0
1927972279,2016-04-21,2064,1440,0,0,0,0
1927972279,2016-04-22,2093,1430,10,0,0,149
1927972279,2016-04-23,2499,1295,145,0,0,2945
1927972279,2016-04-25,2100,1303,12,0,0,152
1927972279,2016-04-26,2638,1058,192,0,0,3761
1927972279,2016-04-27,2063,1440,0,0,0,0
1927972279,2016-04-28,2351,1167,95,0,0,1675
1927972279,2016-04-29,2063,1440,0,0,0,0
1927972279,2016-04-30,2064,1440,0,0,0,0
1927972279,2016-05-03,2195,1413,17,0,10,1326
1927972279,2016-05-04,2338,1353,87,0,0,1786
1927972279,2016-05-05,2063,1440,0,0,0,0
1927972279,2016-05-06,2383,1332,108,0,0,2091
1927972279,2016-05-07,2229,1392,48,0,0,1510
1927972279,2016-05-08,2063,1440,0,0,0,0
1927972279,2016-05-09,2063,1440,0,0,0,0
1927972279,2016-05-10,2063,1440,0,0,0,0
1927972279,2016-05-11,2063,1440,0,0,0,0
1927972279,2016-05-12,1383,966,0,0,0,0
2022484408,2016-04-23,2069,1191,249,0,0,6001
2022484408,2016-05-08,1848,1305,135,0,0,3292
2026352035,2016-04-13,1521,663,238,0,0,4993
2026352035,2016-04-14,1431,653,197,0,0,3335
2026352035,2016-04-15,1444,687,188,0,0,3821
2026352035,2016-04-16,1373,728,150,0,0,2547
2026352035,2016-04-17,1214,1053,60,0,0,838
2026352035,2016-04-18,1419,1062,182,0,0,3325
2026352035,2016-04-19,1356,785,141,0,0,2424
2026352035,2016-04-20,1667,623,327,0,0,7222
2026352035,2016-04-21,1370,749,153,0,0,2467
2026352035,2016-04-22,1399,712,162,0,0,2915
2026352035,2016-04-23,1916,458,432,0,0,12357
2026352035,2016-04-24,1401,704,164,0,0,3490
2026352035,2016-04-25,1576,821,260,0,0,6017
2026352035,2016-04-26,1595,1018,288,0,0,5933
2026352035,2016-04-27,1593,586,286,0,0,6088
2026352035,2016-04-28,1649,626,331,0,0,6375
2026352035,2016-04-29,1692,492,352,0,0,7604
2026352035,2016-04-30,1506,594,233,0,0,4729
2026352035,2016-05-01,1447,716,191,0,0,3609
2026352035,2016-05-02,1690,716,355,0,0,7018
2026352035,2016-05-03,1604,981,304,0,0,5992
2026352035,2016-05-04,1658,530,345,0,0,6564
2026352035,2016-05-05,1926,479,475,0,0,12167
2026352035,2016-05-06,1736,511,383,0,0,8198
2026352035,2016-05-07,1491,665,229,0,0,4193
2026352035,2016-05-08,1555,610,258,0,0,5528
2026352035,2016-05-09,1869,543,401,0,0,10685
2026352035,2016-05-10,1141,1002,17,0,0,254
2026352035,2016-05-11,1698,569,330,0,0,8580
2026352035,2016-05-12,1364,330,343,0,0,8891
2320127002,2016-04-13,2003,1105,335,0,0,7275
2320127002,2016-04-14,1696,1249,191,0,0,3973
2320127002,2016-04-15,1801,1195,245,0,0,5205
2320127002,2016-04-16,1724,1245,195,0,0,5057
2320127002,2016-04-17,1852,1191,249,0,0,6198
2320127002,2016-04-22,1851,1174,266,0,0,5583
2320127002,2016-04-23,1804,1129,242,0,0,5079
2320127002,2016-04-24,1725,1236,204,0,0,4165
2320127002,2016-04-26,1632,1293,147,0,0,3409
2320127002,2016-04-27,1481,1358,82,0,0,1715
2320127002,2016-04-28,1473,1364,76,0,0,1532
2320127002,2016-04-29,1410,1395,45,0,0,924
2320127002,2016-04-30,1779,1206,234,0,0,4571
2320127002,2016-05-01,1403,1400,40,0,0,772
2320127002,2016-05-04,1426,1388,52,0,0,1201
2320127002,2016-05-06,1742,1236,204,0,0,4878
2320127002,2016-05-07,1972,1121,319,0,0,7379
2320127002,2016-05-08,1821,1193,247,0,0,5161
2320127002,2016-05-09,1630,1295,145,0,0,3090
2320127002,2016-05-10,1899,1150,290,0,0,6227
2320127002,2016-05-11,1903,1140,300,0,0,6424
2320127002,2016-05-12,1125,830,128,0,0,2661
2347167796,2016-04-24,2187,584,360,0,0,9471
2347167796,2016-04-26,1861,732,227,0,0,5980
2347167796,2016-04-28,1854,764,229,0,0,5439
2347167796,2016-04-29,403,2,4,0,0,42
2873212765,2016-04-14,1893,1109,331,0,0,7910
2873212765,2016-04-19,1956,1051,389,0,0,7948
2873212765,2016-04-25,1907,1081,359,0,0,7373
2873212765,2016-04-27,1966,1197,197,0,46,3516
2873212765,2016-05-04,2015,1020,420,0,0,8278
2873212765,2016-05-08,2096,1068,326,0,46,8168
2873212765,2016-05-09,1906,1095,345,0,0,7726
2873212765,2016-05-12,1431,720,268,0,0,7566
3372868164,2016-04-25,2010,1024,416,0,0,5995
3372868164,2016-04-28,1972,1055,385,0,0,5512
3372868164,2016-05-01,1237,842,172,0,0,3077
3977333714,2016-04-21,1397,712,242,0,0,6093
3977333714,2016-05-11,52,13,9,0,4,746
4020332650,2016-04-13,1981,1440,0,0,0,0
4020332650,2016-04-14,2011,1437,3,0,0,108
4020332650,2016-04-17,1990,1438,2,0,0,16
4020332650,2016-04-18,1995,1438,2,0,0,62
4020332650,2016-04-19,1980,1440,0,0,0,0
4020332650,2016-04-20,1980,1440,0,0,0,0
4020332650,2016-04-21,1980,1440,0,0,0,0
4020332650,2016-04-22,1980,1440,0,0,0,0
4020332650,2016-04-23,1980,1440,0,0,0,0
4020332650,2016-04-24,1980,1440,0,0,0,0
4020332650,2016-04-25,1980,1440,0,0,0,0
4020332650,2016-04-26,1980,1440,0,0,0,0
4020332650,2016-04-27,1980,1440,0,0,0,0
4020332650,2016-04-28,1980,1440,0,0,0,0
4020332650,2016-04-29,1980,1440,0,0,0,0
4020332650,2016-04-30,1980,1440,0,0,0,0
4020332650,2016-05-01,1980,1440,0,0,0,0
4020332650,2016-05-07,2975,1256,184,0,0,6132
4020332650,2016-05-08,3089,775,263,0,0,5862
4020332650,2016-05-12,1120,721,21,0,0,590
4057192912,2016-04-12,2286,1276,164,0,0,5394
4057192912,2016-04-13,2306,1280,160,0,0,5974
4057192912,2016-04-14,1776,1440,0,0,0,0
4319703577,2016-04-12,2115,1440,0,0,0,7753
4319703577,2016-04-15,1985,752,228,0,0,5664
4319703577,2016-04-16,1884,724,194,0,0,4744
4319703577,2016-04-17,1464,1363,3,0,0,29
4319703577,2016-04-19,2200,604,311,0,0,8925
4319703577,2016-04-21,1792,1265,34,0,0,3702
4319703577,2016-04-23,1945,546,233,0,0,4935
4319703577,2016-05-01,1593,836,67,0,0,1251
4319703577,2016-05-08,1792,603,153,0,0,3672
4319703577,2016-05-12,257,0,2,0,0,17
4388161847,2016-04-12,2955,1440,0,0,0,10122
4388161847,2016-04-15,3066,837,299,0,0,8758
4388161847,2016-04-17,2572,721,201,0,0,4660
4388161847,2016-05-12,1623,825,108,0,0,3369
4445114986,2016-04-12,2113,787,196,0,0,3276
4445114986,2016-04-13,2095,840,194,0,0,2961
4445114986,2016-04-14,2194,717,231,0,0,3974
4445114986,2016-04-15,2496,711,350,0,0,7198
4445114986,2016-04-16,2180,716,225,0,0,3945
4445114986,2016-04-17,1933,1219,114,0,0,2268
4445114986,2016-04-19,1954,895,121,0,0,2064
4445114986,2016-04-20,1974,841,137,0,0,2072
4445114986,2016-04-21,2150,756,215,0,0,3809
4445114986,2016-04-22,2432,706,317,0,0,6831
4445114986,2016-04-23,2149,1239,201,0,0,4363
4445114986,2016-04-24,2247,1196,244,0,0,5002
4445114986,2016-04-25,2070,916,179,0,0,3385
4445114986,2016-04-28,2203,762,236,0,0,4493
4445114986,2016-04-29,2196,1106,226,0,0,4676
4445114986,2016-04-30,2363,797,290,0,0,6222
4445114986,2016-05-01,2246,741,240,0,0,5232
4445114986,2016-05-04,2070,897,180,0,0,2923
4445114986,2016-05-06,2211,809,229,0,0,4514
4445114986,2016-05-09,2281,641,266,0,0,5275
4445114986,2016-05-10,2181,783,231,0,0,3915
4445114986,2016-05-12,1212,380,58,0,0,768
4558609924,2016-04-12,1909,1122,318,0,0,5135
4558609924,2016-04-14,1922,1161,279,0,0,6799
4558609924,2016-04-20,1788,1218,222,0,0,4803
4558609924,2016-04-24,2173,1045,395,0,0,8563
4558609924,2016-05-01,1692,1121,190,0,0,3428
4558609924,2016-05-02,2066,1057,383,0,0,7891
4558609924,2016-05-04,1842,1188,252,0,0,5232
4558609924,2016-05-06,1722,1238,202,0,0,3755
4558609924,2016-05-12,1452,736,247,0,0,6307
4702921684,2016-04-12,2947,718,263,0,0,7213
4702921684,2016-04-13,2898,777,258,0,0,6877
4702921684,2016-04-14,2984,772,271,0,0,7860
4702921684,2016-04-22,2241,1341,72,0,0,1664
4702921684,2016-05-01,2017,1440,0,0,0,0
4702921684,2016-05-03,3145,729,313,0,0,9454
4702921684,2016-05-12,1240,241,68,0,0,2752
5553957443,2016-04-13,1718,647,226,0,0,4832
5553957443,2016-04-16,1831,521,288,0,0,5771
5553957443,2016-04-17,1397,943,46,0,0,655
5553957443,2016-04-18,1683,622,206,0,0,3727
5553957443,2016-04-20,1570,598,148,0,0,2713
5553957443,2016-04-23,1776,443,272,0,0,4112
5553957443,2016-04-24,1507,582,104,0,0,1807
5553957443,2016-04-30,1463,506,84,0,0,1202
5553957443,2016-05-01,1747,436,237,0,0,5164
5553957443,2016-05-04,1698,651,224,0,0,4249
5553957443,2016-05-07,1494,902,96,0,0,1868
5553957443,2016-05-11,1693,628,195,0,0,4926
5577150313,2016-05-07,1819,1440,0,0,0,0
5577150313,2016-05-08,1819,1440,0,0,0,0
6117666160,2016-04-12,1496,1440,0,0,0,0
6117666160,2016-04-13,1496,1440,0,0,0,0
6117666160,2016-04-14,1496,1440,0,0,0,0
6117666160,2016-04-17,2225,702,312,0,0,7150
6117666160,2016-04-18,2018,759,241,0,0,5153
6117666160,2016-04-19,2606,425,480,0,0,11135
6117666160,2016-04-22,2409,413,402,0,0,8206
6117666160,2016-04-23,2651,468,512,0,0,11495
6117666160,2016-04-24,2305,711,362,0,0,7623
6117666160,2016-04-25,1497,1440,0,0,0,0
6117666160,2016-04-27,2576,417,458,0,0,9411
6117666160,2016-04-28,1879,758,141,0,0,3403
6117666160,2016-04-29,2560,479,461,0,0,9592
6117666160,2016-04-30,2275,1040,343,0,0,6987
6117666160,2016-05-01,2361,525,397,0,0,8915
6117666160,2016-05-02,2044,1204,236,0,0,4933
6117666160,2016-05-03,1496,1440,0,0,0,0
6117666160,2016-05-04,1902,1279,156,0,0,2997
6117666160,2016-05-05,2636,479,487,0,0,9799
6117666160,2016-05-06,1838,673,133,0,0,3365
6117666160,2016-05-07,2469,456,412,0,0,7336
6117666160,2016-05-08,2250,517,318,0,0,7328
6117666160,2016-05-09,1248,125,197,0,0,4477
6290855005,2016-04-12,2560,1241,199,0,0,4562
6290855005,2016-04-21,2060,1440,0,0,0,0
6290855005,2016-04-22,2796,1138,302,0,0,6238
6290855005,2016-04-23,2664,1407,0,0,33,0
6290855005,2016-04-24,2703,1182,258,0,0,5896
6290855005,2016-04-26,2060,1440,0,0,0,0
6290855005,2016-04-28,2687,1185,255,0,0,5731
6290855005,2016-04-29,2060,1440,0,0,0,0
6290855005,2016-05-03,2671,1200,240,0,0,6047
6290855005,2016-05-05,2682,1201,239,0,0,6339
6290855005,2016-05-07,2613,1213,227,0,0,5510
6290855005,2016-05-08,2712,1189,251,0,0,7706
6290855005,2016-05-10,0,1440,0,0,0,0
6775888955,2016-04-12,1841,1440,0,0,0,0
6775888955,2016-04-15,2127,976,58,0,0,1282
6775888955,2016-04-19,1841,1440,0,0,0,0
6775888955,2016-04-21,1841,1440,0,0,0,0
6775888955,2016-04-22,1922,1420,20,0,0,637
6775888955,2016-04-23,1841,1440,0,0,0,0
6775888955,2016-04-27,1841,1440,0,0,0,0
6775888955,2016-04-29,1841,1440,0,0,0,0
6775888955,2016-05-02,1841,1440,0,0,0,0
6775888955,2016-05-03,1843,1439,1,0,0,9
6775888955,2016-05-04,1841,1440,0,0,0,0
6775888955,2016-05-05,1841,1440,0,0,0,0
6962181067,2016-04-14,1466,862,86,0,0,1551
6962181067,2016-04-15,1756,837,217,0,0,5563
6962181067,2016-04-24,1705,720,199,0,0,5029
6962181067,2016-05-01,1740,722,215,0,0,5454
6962181067,2016-05-06,1850,717,299,0,0,5908
6962181067,2016-05-07,1947,745,328,0,0,6815
7007744171,2016-04-15,2098,1238,202,0,0,5273
7007744171,2016-04-16,2076,1155,203,0,0,4631
7007744171,2016-04-17,2383,1135,305,0,0,8059
7007744171,2016-04-24,2667,1021,419,0,0,11085
7007744171,2016-04-30,2051,1240,200,0,0,3761
7007744171,2016-05-01,2225,1142,237,0,0,5600
7007744171,2016-05-04,1557,1440,0,0,0,0
7007744171,2016-05-07,120,111,0,0,0,0
7086361926,2016-04-16,1635,1437,3,0,0,31
7086361926,2016-04-17,1629,1440,0,0,0,0
7086361926,2016-04-23,1965,1350,90,0,0,2817
7086361926,2016-04-24,2049,566,125,0,0,3520
8053475328,2016-05-01,1886,1389,51,0,0,1170
8053475328,2016-05-02,1988,1345,95,0,0,1969
8253242879,2016-04-15,1632,1335,105,0,0,2672
8253242879,2016-04-19,1763,1276,164,0,0,4212
8253242879,2016-04-22,1651,1320,120,0,0,2824
8253242879,2016-04-30,0,1440,0,0,0,0
8378563200,2016-04-17,2572,599,93,0,0,2132
8378563200,2016-04-24,2741,734,135,0,0,3703
8378563200,2016-04-30,2660,780,121,0,0,2946
8378563200,2016-05-07,2799,851,158,0,0,4468
8378563200,2016-05-08,2685,621,139,0,0,2943
8583815059,2016-04-14,2443,1306,134,0,0,3135
8583815059,2016-04-15,2505,1375,65,0,0,3430
8583815059,2016-04-16,2693,1440,0,0,0,5319
8583815059,2016-04-17,2439,1440,0,0,0,3008
8583815059,2016-05-02,2894,1440,0,0,0,8469
8583815059,2016-05-03,3212,1440,0,0,0,12015
8583815059,2016-05-04,2516,1440,0,0,0,3588
8583815059,2016-05-05,3266,1370,70,0,0,12427
8583815059,2016-05-07,2810,1190,250,0,0,6117
8583815059,2016-05-12,0,1440,0,0,0,0
8792009665,2016-04-12,2044,831,116,0,0,2564
8792009665,2016-04-13,1934,806,82,0,0,1320
8792009665,2016-04-14,1963,853,84,0,0,1219
8792009665,2016-04-15,2009,937,126,0,0,2483
8792009665,2016-04-16,1721,1428,12,0,0,244
8792009665,2016-04-17,1688,1440,0,0,0,0
8792009665,2016-04-18,1688,1440,0,0,0,0
8792009665,2016-04-19,1688,1440,0,0,0,0
8792009665,2016-04-21,1720,1431,9,0,0,144
8792009665,2016-04-25,1688,1440,0,0,0,0
8792009665,2016-04-26,1928,1360,80,0,0,1321
8792009665,2016-04-27,2067,900,112,0,0,1758
8792009665,2016-04-28,2780,714,310,0,0,6157
8792009665,2016-05-01,1962,834,79,0,0,1619
8792009665,2016-05-02,2015,916,101,0,0,1831
8792009665,2016-05-03,2297,739,156,0,0,2421
8792009665,2016-05-04,2067,848,129,0,0,2283
8792009665,2016-05-05,1688,1440,0,0,0,0
8792009665,2016-05-06,1688,1440,0,0,0,0
8792009665,2016-05-07,1688,1440,0,0,0,0
8792009665,2016-05-08,1688,1440,0,0,0,0
8792009665,2016-05-09,1688,1440,0,0,0,0
8792009665,2016-05-10,57,48,0,0,0,0
8877689391,2016-05-02,2189,1335,105,0,0,4790
1644430081,2016-04-25,2497,1337,94,1,8,3580
1927972279,2016-05-01,2411,1355,70,1,14,2704
2873212765,2016-04-24,1898,1203,190,1,46,6873
4445114986,2016-04-26,2291,839,180,1,29,6326
4445114986,2016-04-27,2361,839,194,1,32,7243
8053475328,2016-04-30,2408,1281,131,1,27,7135
8877689391,2016-04-24,3455,1148,227,1,64,16674
8877689391,2016-05-12,1849,770,137,1,23,8064
2022484408,2016-05-07,1995,1269,149,2,20,6708
3372868164,2016-04-23,1995,1115,303,2,20,7396
4445114986,2016-05-03,2421,725,233,2,30,7502
8253242879,2016-04-12,2044,1244,154,2,40,9033
8583815059,2016-05-01,2596,1311,117,2,10,4512
2022484408,2016-04-14,2312,1148,257,3,32,10690
2022484408,2016-04-18,2770,1078,311,3,48,14131
6962181067,2016-04-16,2173,741,280,3,50,13217
8053475328,2016-04-22,2655,1260,117,3,60,10520
8378563200,2016-05-05,3783,764,214,3,66,8567
8877689391,2016-04-26,2860,1157,258,3,22,11101
1644430081,2016-04-15,2750,1263,170,4,3,5263
4388161847,2016-05-02,3147,935,204,4,33,10096
4445114986,2016-05-02,2336,667,200,4,27,6910
4445114986,2016-05-07,2123,866,108,4,26,5183
6962181067,2016-04-20,2174,639,297,4,48,13928
7086361926,2016-05-12,1199,343,58,4,5,3789
8053475328,2016-05-12,1505,839,39,4,28,4998
8253242879,2016-04-24,1976,1313,82,4,41,8905
8378563200,2016-04-27,3061,676,192,4,4,7359
8378563200,2016-05-02,3491,802,142,4,63,6064
8583815059,2016-05-09,2947,1260,110,4,66,9877
8877689391,2016-04-30,4398,1089,223,4,124,27745
8877689391,2016-05-08,2847,1174,245,4,17,10686
1503960366,2016-04-24,1788,709,238,5,39,10039
1624580081,2016-04-28,1401,1320,115,5,0,2759
2022484408,2016-04-13,2601,1100,292,5,43,12024
2320127002,2016-04-25,1654,1280,152,5,3,3588
2873212765,2016-04-26,1882,1124,309,5,2,8242
4020332650,2016-05-09,2785,1225,173,5,3,4556
4319703577,2016-04-24,1880,692,191,5,1,4081
4388161847,2016-04-23,3306,749,215,5,58,13236
4558609924,2016-04-23,2085,1122,308,5,5,6890
4702921684,2016-05-05,3006,745,241,5,8,8614
6775888955,2016-05-07,1032,551,49,5,2,1967
8053475328,2016-04-14,3411,1123,193,5,119,20159
8053475328,2016-04-20,3043,695,158,5,89,15108
8053475328,2016-04-26,2846,1182,185,5,68,12685
8253242879,2016-04-17,2112,1237,157,5,41,10204
8253242879,2016-04-27,2008,1286,104,5,45,10232
8378563200,2016-05-06,3644,831,166,5,74,7045
8583815059,2016-04-27,3142,1229,129,5,77,12474
8877689391,2016-04-18,2761,1215,191,5,29,11423
8877689391,2016-04-29,2698,1207,210,5,18,9733
1503960366,2016-05-06,1896,754,289,6,24,12159
1624580081,2016-05-02,1497,1261,166,6,7,7155
1927972279,2016-04-24,2324,1358,75,6,1,2090
2320127002,2016-05-02,1613,1306,123,6,5,3634
2873212765,2016-04-18,1890,1122,311,6,1,7762
4057192912,2016-04-15,1527,873,88,6,3,3984
4445114986,2016-04-18,2248,1247,162,6,25,6155
4445114986,2016-05-05,2120,734,185,6,2,3800
5553957443,2016-05-12,741,222,48,6,8,3121
6117666160,2016-04-15,2865,921,513,6,0,14019
7007744171,2016-04-14,2668,1096,304,6,34,11179
7086361926,2016-04-12,2772,745,153,6,59,11317
7086361926,2016-04-21,2463,758,206,6,19,9469
7086361926,2016-04-27,2693,829,145,6,55,11107
8053475328,2016-04-16,2867,1255,83,6,96,14549
8053475328,2016-04-18,3133,1137,195,6,102,17076
8053475328,2016-04-21,3103,1164,170,6,100,16057
8378563200,2016-05-12,1976,433,102,6,8,4561
8583815059,2016-04-25,2547,1294,122,6,18,4503
1644430081,2016-05-02,2580,682,148,7,1,3758
1844505072,2016-05-01,1541,585,75,7,0,2573
2022484408,2016-04-19,2489,1152,250,7,31,11548
2320127002,2016-04-18,1905,1173,260,7,0,6559
2347167796,2016-04-17,1882,508,249,7,1,5472
2347167796,2016-04-19,2346,648,382,7,0,6711
2873212765,2016-04-28,1835,1192,213,7,28,7913
3372868164,2016-04-18,2014,1070,343,7,20,6798
4558609924,2016-04-13,1722,1287,127,7,19,4978
6117666160,2016-04-26,2450,1077,352,7,0,9543
6962181067,2016-04-26,2012,680,254,7,36,10433
6962181067,2016-05-11,1855,709,199,7,24,6722
8053475328,2016-04-19,3114,1152,191,7,90,15929
8053475328,2016-05-11,2809,1189,184,7,60,12209
8378563200,2016-04-29,2982,767,172,7,3,6175
8583815059,2016-04-12,2650,1237,196,7,0,5014
8877689391,2016-04-12,3921,1036,312,7,85,23186
1503960366,2016-04-21,1775,838,211,8,19,9819
1503960366,2016-05-08,1740,574,203,8,44,10060
1844505072,2016-04-17,1793,1231,199,8,2,4525
1927972279,2016-05-02,2505,1322,94,8,16,3790
2022484408,2016-04-25,2470,1171,217,8,44,11369
2022484408,2016-05-02,2473,1119,277,8,36,10379
2026352035,2016-04-12,1459,706,181,8,3,4414
2873212765,2016-04-17,1529,1272,160,8,0,2524
3977333714,2016-04-28,1407,804,190,8,15,7114
4020332650,2016-05-11,2645,1296,134,8,2,3689
4319703577,2016-04-25,2314,544,390,8,0,9259
4319703577,2016-04-28,2367,552,359,8,13,10817
4388161847,2016-04-18,3274,1017,239,8,27,11009
4388161847,2016-04-24,2885,584,239,8,14,10243
4445114986,2016-05-08,2423,733,308,8,0,7303
4558609924,2016-05-05,2262,1048,370,8,14,10611
4702921684,2016-04-15,2896,944,256,8,1,6506
4702921684,2016-04-19,2812,757,179,8,10,6708
4702921684,2016-04-26,2784,765,216,8,1,6108
5553957443,2016-05-08,1762,505,210,8,3,6083
5577150313,2016-05-03,3795,580,212,8,97,11045
6962181067,2016-04-28,2182,621,288,8,38,12627
6962181067,2016-05-12,928,127,105,8,0,3587
7007744171,2016-04-12,2937,1024,355,8,53,14172
8053475328,2016-04-12,3186,1193,123,8,116,18060
8053475328,2016-04-15,3410,1142,158,8,132,20669
8053475328,2016-04-29,2794,1215,159,8,58,12315
8053475328,2016-05-04,2918,1220,123,8,89,14581
8378563200,2016-04-20,3787,763,169,8,82,9388
8792009665,2016-04-24,1799,1410,19,8,3,400
8877689391,2016-04-27,3808,1104,235,8,93,23629
8877689391,2016-04-28,3060,1143,231,8,58,14890
8877689391,2016-05-04,3477,1154,212,8,66,18193
1927972279,2016-04-14,2383,1292,88,9,0,2163
2022484408,2016-04-15,2525,1122,282,9,27,11034
2320127002,2016-04-12,2124,1112,306,9,13,10725
2347167796,2016-04-27,2194,623,295,9,26,11423
3977333714,2016-04-25,1570,781,133,9,50,11177
4319703577,2016-04-14,2302,589,339,9,1,10210
4319703577,2016-04-18,1632,824,58,9,1,2276
4388161847,2016-04-16,3073,609,253,9,6,6580
4388161847,2016-04-28,2969,878,234,9,19,10074
4558609924,2016-04-19,1876,1182,248,9,1,5401
4702921684,2016-04-28,3033,738,232,9,14,9023
5553957443,2016-05-02,1996,724,227,9,23,9769
5553957443,2016-05-06,1916,761,229,9,21,9632
5577150313,2016-05-04,2755,631,141,9,25,5206
6775888955,2016-04-30,2280,1344,84,9,3,2503
8053475328,2016-04-25,3403,1104,209,9,118,20500
8053475328,2016-04-28,3062,1188,153,9,90,15447
8053475328,2016-05-05,2950,1208,130,9,93,14990
1503960366,2016-04-16,1863,773,221,10,36,12669
2022484408,2016-04-22,2638,1105,273,10,52,12954
2320127002,2016-04-21,1610,1302,127,10,1,3404
2320127002,2016-05-03,1878,1204,206,10,20,7443
3977333714,2016-04-27,1377,714,176,10,0,7193
4558609924,2016-04-25,2225,993,340,10,18,8095
4558609924,2016-05-03,1953,1172,237,10,21,5267
6117666160,2016-04-20,2536,587,349,10,26,10449
8053475328,2016-04-27,2852,1187,183,10,60,12422
8053475328,2016-05-10,2926,1219,115,10,96,14810
8378563200,2016-04-18,4157,720,174,10,117,13630
8378563200,2016-04-23,2908,740,136,10,19,5709
8378563200,2016-04-28,2884,711,139,10,11,5417
8378563200,2016-05-01,3369,669,127,10,71,11419
8378563200,2016-05-04,3110,680,167,10,19,7875
8378563200,2016-05-11,3788,763,184,10,72,9143
8583815059,2016-04-19,2668,1257,166,10,7,5697
8792009665,2016-04-20,2188,744,139,10,0,3147
1503960366,2016-04-14,1776,1218,181,11,30,10460
1503960366,2016-04-27,2159,1108,243,11,78,18134
1503960366,2016-05-09,1819,835,206,11,46,12022
2022484408,2016-04-16,2177,1237,151,11,41,10100
2320127002,2016-04-19,1811,1201,228,11,0,5997
2320127002,2016-04-20,1922,1146,283,11,0,7192
2320127002,2016-05-05,1780,1206,223,11,0,5202
2347167796,2016-04-25,2095,653,277,11,15,9482
2873212765,2016-05-07,1897,1302,52,11,75,4940
4020332650,2016-05-02,2207,1350,31,11,0,475
4319703577,2016-05-02,2270,585,344,11,0,9261
4319703577,2016-05-06,2266,692,314,11,6,9524
4558609924,2016-04-28,2185,985,367,11,1,9451
5553957443,2016-04-25,2033,732,201,11,51,10946
5577150313,2016-04-13,2551,776,144,11,15,5077
5577150313,2016-05-09,2489,1099,70,11,34,3421
8253242879,2016-04-13,1935,1298,96,11,35,8053
8877689391,2016-05-10,2832,1187,224,11,18,10733
1503960366,2016-04-20,1786,818,205,12,28,10544
1503960366,2016-04-29,1837,815,243,12,16,11181
1844505072,2016-04-18,1814,1211,217,12,0,4597
3977333714,2016-04-22,1481,731,188,12,33,8911
4319703577,2016-05-10,2260,555,329,12,3,9487
4388161847,2016-04-21,3069,853,272,12,7,10055
4558609924,2016-04-16,1997,1112,308,12,8,7289
4702921684,2016-05-09,2990,746,253,12,0,8232
6290855005,2016-04-17,3171,1172,225,12,31,7851
7007744171,2016-04-27,2830,1041,337,12,50,13541
7086361926,2016-05-04,2655,843,135,12,45,10988
8053475328,2016-04-13,3140,1177,156,12,95,16433
8053475328,2016-05-09,2765,1214,148,12,66,12465
8378563200,2016-04-22,4044,769,159,12,113,12200
8877689391,2016-05-01,2786,1226,166,12,36,10930
8877689391,2016-05-11,3832,1127,213,12,88,21420
1503960366,2016-04-12,1985,728,328,13,25,13162
1644430081,2016-04-17,3011,1212,186,13,29,8757
1844505072,2016-04-21,2062,1117,308,13,2,8054
2347167796,2016-04-12,2344,964,320,13,28,10113
4319703577,2016-05-04,2282,1106,313,13,8,10429
5553957443,2016-04-12,2026,767,277,13,19,11596
5553957443,2016-04-28,1999,727,165,13,49,11393
6775888955,2016-04-25,2484,1302,92,13,33,6474
6775888955,2016-04-28,1993,1410,15,13,2,703
6962181067,2016-04-17,2027,634,295,13,5,10145
7007744171,2016-05-06,2553,1136,247,13,44,11459
7086361926,2016-04-20,2997,797,145,13,87,14365
8378563200,2016-05-09,3721,772,171,13,71,8382
8378563200,2016-05-10,3586,840,152,13,63,6582
8877689391,2016-04-19,3676,1131,214,13,82,18785
8877689391,2016-04-21,3659,1119,226,13,82,19377
1503960366,2016-04-25,2013,814,216,14,73,15355
2022484408,2016-04-12,2390,1157,227,14,42,11875
2022484408,2016-05-03,2752,1104,250,14,72,12183
4319703577,2016-05-09,2345,490,374,14,2,10378
4388161847,2016-04-13,3092,1275,150,14,1,10993
4388161847,2016-05-10,3061,648,267,14,13,10299
4558609924,2016-04-27,2098,1087,312,14,27,9557
6962181067,2016-04-12,1994,796,189,14,50,10199
6962181067,2016-05-08,1659,709,151,14,0,4188
7007744171,2016-05-02,2642,1112,250,14,64,13041
7086361926,2016-05-05,2386,1253,149,14,24,8564
8053475328,2016-04-23,3554,741,223,14,125,22359
8053475328,2016-05-08,3589,1073,228,14,125,22026
8253242879,2016-04-26,1813,1299,108,14,19,4562
8253242879,2016-04-29,1854,1257,136,14,16,6260
8378563200,2016-04-13,4079,680,169,14,116,12386
8792009665,2016-04-29,3101,634,380,14,6,8360
1503960366,2016-05-02,2004,798,277,15,41,14727
1644430081,2016-04-23,2677,1265,160,15,0,6637
4020332650,2016-04-12,3654,712,331,15,4,8539
4319703577,2016-04-13,2135,1234,96,15,8,8204
4388161847,2016-05-01,2926,579,241,15,12,10255
4558609924,2016-04-18,2116,1080,331,15,14,8940
4702921684,2016-04-25,3064,730,270,15,6,9167
4702921684,2016-05-04,3004,757,251,15,4,8161
5553957443,2016-04-29,2169,709,270,15,46,12764
5577150313,2016-05-11,1665,257,63,15,45,4038
6117666160,2016-04-16,2828,502,518,15,7,14450
6962181067,2016-04-29,2254,645,369,15,12,10762
7086361926,2016-05-01,2730,685,258,15,30,12390
8053475328,2016-05-06,2859,1245,90,15,90,13953
8378563200,2016-04-12,3635,723,156,15,65,7626
8877689391,2016-04-17,3545,1060,307,15,58,15118
8877689391,2016-05-05,3052,1170,188,15,67,14055
1503960366,2016-04-18,1921,1149,233,16,42,13019
1644430081,2016-04-13,2902,1259,135,16,30,8001
2022484408,2016-05-12,1853,728,236,16,16,9117
2347167796,2016-04-18,1944,678,206,16,11,8247
4388161847,2016-04-19,3015,704,249,16,20,10181
4388161847,2016-04-29,2979,1175,236,16,13,9232
4558609924,2016-05-07,1973,1116,233,16,23,8237
4702921684,2016-04-27,2908,733,238,16,1,7047
4702921684,2016-05-06,2859,682,207,16,1,6943
5553957443,2016-04-22,2105,781,270,16,25,11682
5553957443,2016-04-27,1922,745,206,16,16,10538
5577150313,2016-04-12,3405,728,140,16,86,8135
5577150313,2016-04-20,3192,773,113,16,87,8330
5577150313,2016-04-27,3294,773,190,16,63,6805
5577150313,2016-05-06,2643,1304,79,16,41,4950
6962181067,2016-04-30,2002,731,237,16,32,10081
7007744171,2016-04-28,2836,1007,401,16,16,15128
8253242879,2016-04-14,1705,1362,33,16,29,5234
8253242879,2016-04-18,1829,1278,130,16,16,5151
8253242879,2016-04-28,1580,1393,20,16,11,2718
8378563200,2016-04-21,4236,677,145,16,137,15148
8378563200,2016-04-25,4005,692,141,16,117,12405
2022484408,2016-05-06,2498,1104,295,17,24,10227
7007744171,2016-04-19,2812,1066,304,17,53,14194
7086361926,2016-04-30,2995,584,308,17,42,14560
8877689391,2016-05-06,4015,1095,232,17,96,21727
1624580081,2016-04-24,1617,1221,185,18,16,6076
2873212765,2016-05-01,1739,1219,196,18,7,7399
4020332650,2016-04-15,2951,1299,87,18,36,1882
4319703577,2016-04-20,2220,671,306,18,0,8954
4319703577,2016-04-29,2175,624,289,18,6,7990
4319703577,2016-05-11,2232,574,311,18,3,9129
4388161847,2016-05-03,3290,984,306,18,18,12727
4388161847,2016-05-11,2954,858,256,18,8,10201
4558609924,2016-05-10,1889,1191,220,18,11,6435
5553957443,2016-04-26,2093,750,238,18,40,11886
6775888955,2016-04-13,2400,1053,85,18,17,4053
6775888955,2016-04-16,2225,1377,9,18,36,4732
6775888955,2016-04-24,2053,1400,11,18,11,2153
8378563200,2016-04-26,3763,593,161,18,90,16208
8583815059,2016-04-21,2883,1229,158,18,35,8538
8877689391,2016-04-13,3566,1098,216,18,108,15337
1503960366,2016-04-13,1797,776,217,19,21,10735
3977333714,2016-04-12,1450,777,131,19,44,8856
4319703577,2016-04-22,1886,709,176,19,1,4500
4388161847,2016-05-09,3013,1020,258,19,6,10218
4558609924,2016-04-17,2117,1110,304,19,7,9634
4702921684,2016-04-29,3165,692,267,19,12,9930
6117666160,2016-04-21,4900,579,294,19,11,19542
8378563200,2016-04-19,4092,737,154,19,120,13070
8877689391,2016-04-20,3679,1123,225,19,73,19948
1503960366,2016-04-17,1728,539,164,20,38,9705
2022484408,2016-04-27,2463,1119,282,20,19,10159
2022484408,2016-04-28,2296,1123,291,20,6,10140
2022484408,2016-05-05,2609,1112,253,20,55,11895
5577150313,2016-05-02,3014,732,235,20,37,7439
8053475328,2016-05-07,3331,1076,148,20,121,19769
8253242879,2016-04-21,2218,1199,172,20,49,11268
8378563200,2016-05-03,3784,822,195,20,71,8712
8792009665,2016-04-22,2419,817,195,20,1,4068
8792009665,2016-04-30,2896,749,301,20,10,7174
1503960366,2016-04-23,1949,732,262,21,41,14371
2873212765,2016-04-12,1982,1061,356,21,2,8796
4020332650,2016-04-16,3051,1222,55,21,65,1982
4319703577,2016-04-26,2236,649,288,21,8,9899
4388161847,2016-05-04,3162,632,251,21,35,12375
4558609924,2016-04-21,2486,844,432,21,6,13743
5577150313,2016-05-05,3004,1153,143,21,45,7550
6962181067,2016-05-09,2105,607,231,21,43,12342
7086361926,2016-04-15,2395,864,139,21,30,8585
8053475328,2016-04-17,3213,1113,195,21,111,18827
8378563200,2016-04-14,4163,699,174,21,123,13318
8378563200,2016-04-16,3363,563,142,21,64,11207
1503960366,2016-05-04,1819,1179,203,22,36,11100
4445114986,2016-05-11,2499,622,232,22,34,9105
5553957443,2016-05-09,2272,667,251,22,59,11611
6962181067,2016-05-05,2066,591,305,22,14,10524
7007744171,2016-04-13,2742,1101,261,22,56,12862
7007744171,2016-04-26,2939,978,424,22,16,15090
8053475328,2016-05-03,3023,1166,165,22,87,15484
8583815059,2016-04-18,2536,1309,105,22,4,3864
8583815059,2016-05-06,2683,1250,166,22,2,5843
1503960366,2016-04-26,1970,833,279,23,31,13755
1503960366,2016-05-11,1783,669,251,23,36,12770
2022484408,2016-04-30,2732,1043,361,23,13,18387
2873212765,2016-04-29,1780,1191,206,23,20,7365
2873212765,2016-05-05,1971,1093,311,23,13,8314
3977333714,2016-04-14,1433,801,214,23,5,7641
4388161847,2016-04-26,2929,673,224,23,14,9461
5577150313,2016-04-19,3501,733,111,23,108,12574
7007744171,2016-05-05,2933,1047,317,23,53,15010
7086361926,2016-05-10,2800,1182,106,23,72,14433
8378563200,2016-04-15,3666,729,190,23,60,14461
8583815059,2016-04-13,2654,1252,163,23,2,5571
1503960366,2016-05-03,1990,816,254,24,50,15103
1503960366,2016-05-05,1959,857,250,24,45,14070
1644430081,2016-05-01,2696,908,146,24,3,6132
2022484408,2016-04-26,2793,1086,275,24,55,10119
2347167796,2016-04-15,2133,720,284,24,1,10465
4702921684,2016-04-16,3328,556,335,24,3,11140
5577150313,2016-04-23,3152,627,223,24,24,7638
6775888955,2016-04-14,2507,863,105,24,14,5162
6775888955,2016-04-17,2067,1392,19,24,5,2497
6962181067,2016-04-13,1718,548,142,24,8,5652
7007744171,2016-04-25,3055,986,379,24,51,18229
2022484408,2016-05-11,2544,1133,224,25,58,13272
4388161847,2016-04-22,3544,945,220,25,77,12139
4558609924,2016-04-22,2094,1122,273,25,20,9601
7007744171,2016-04-23,2284,1190,223,25,2,8093
2022484408,2016-04-24,2529,1161,216,26,37,13481
2347167796,2016-04-21,2048,761,208,26,23,10080
4319703577,2016-05-03,2235,669,287,26,8,9648
7086361926,2016-04-13,2516,744,155,26,31,5813
7086361926,2016-05-02,2754,737,139,26,66,10052
8253242879,2016-04-23,2132,1193,191,26,30,9282
1503960366,2016-04-22,1827,1217,130,27,66,12764
2022484408,2016-05-04,2649,1105,272,27,36,11768
2347167796,2016-04-22,1946,781,206,27,9,7804
7086361926,2016-05-08,2534,695,147,27,32,10677
8583815059,2016-04-20,2647,1246,167,27,0,5273
1503960366,2016-04-28,1898,782,189,28,48,13154
2022484408,2016-05-01,2380,1142,245,28,25,10538
2022484408,2016-05-10,2797,1084,271,28,57,12798
4319703577,2016-05-07,2158,586,279,28,3,7937
5553957443,2016-04-19,2284,756,249,28,69,15482
8583815059,2016-04-28,2757,1209,203,28,0,6174
8583815059,2016-04-30,3164,1093,317,28,2,10085
8877689391,2016-05-07,4142,1036,271,28,105,12332
2022484408,2016-04-17,2782,1052,331,29,28,15112
4558609924,2016-04-29,1918,1096,197,29,15,7833
4558609924,2016-04-30,2105,1111,293,29,7,10319
4702921684,2016-04-20,3061,717,260,29,2,8793
5553957443,2016-05-03,2116,812,247,29,26,12848
5553957443,2016-05-05,2156,692,241,29,44,14331
8877689391,2016-04-16,4547,888,429,29,94,29326
4558609924,2016-04-15,2121,1131,262,30,17,7795
4558609924,2016-05-09,2223,1065,339,30,6,11451
4702921684,2016-04-18,3013,890,191,30,22,9105
5577150313,2016-04-14,4022,662,176,30,118,8596
5577150313,2016-04-22,3329,823,200,30,62,9172
6775888955,2016-04-26,2584,1321,47,30,42,7091
1503960366,2016-04-19,2035,775,264,31,50,15506
1503960366,2016-05-10,1859,746,214,31,46,12207
4388161847,2016-04-25,3288,1054,301,31,11,12961
4558609924,2016-05-11,2131,1081,324,31,4,9108
6775888955,2016-04-18,2798,1233,146,31,30,8294
7007744171,2016-05-03,2976,1021,330,31,58,14510
2347167796,2016-04-13,2038,676,195,32,19,10352
3977333714,2016-04-29,1545,744,150,32,36,10645
5577150313,2016-04-18,3625,623,130,32,114,9893
5577150313,2016-04-26,3088,759,181,32,38,5325
7086361926,2016-04-14,2734,787,189,32,35,9123
1644430081,2016-04-18,2806,1271,121,33,15,7132
6962181067,2016-04-22,2086,659,240,33,30,10725
7007744171,2016-04-20,3096,1000,347,33,60,15566
7086361926,2016-04-26,2781,726,132,33,70,10387
8053475328,2016-04-24,3577,1096,182,33,129,22988
1503960366,2016-04-15,1745,726,209,34,29,9762
1503960366,2016-04-30,1947,712,217,34,52,14673
4319703577,2016-05-05,2530,957,328,34,27,13658
6775888955,2016-05-01,2319,1347,50,34,9,2487
6962181067,2016-05-10,2361,626,275,34,62,15448
7007744171,2016-04-21,2763,1049,327,34,30,13744
1503960366,2016-05-01,1820,730,246,35,33,10602
2347167796,2016-04-23,2629,591,360,35,32,16901
4388161847,2016-04-14,2998,945,219,35,10,8863
4558609924,2016-05-08,2666,1019,238,35,66,6543
6775888955,2016-05-06,2496,1318,75,35,12,4697
7086361926,2016-05-06,2924,834,154,35,84,12461
1624580081,2016-04-27,1670,1233,154,36,17,8367
4702921684,2016-04-30,3115,728,263,36,4,10144
5577150313,2016-04-29,3544,739,165,36,97,7924
6962181067,2016-05-03,2072,654,267,36,21,12109
6962181067,2016-05-04,2086,683,284,36,15,10147
7086361926,2016-04-29,2616,1198,182,36,24,7881
7086361926,2016-05-03,2754,761,152,36,57,10288
4319703577,2016-04-30,2092,695,196,38,6,8221
4388161847,2016-05-08,3934,576,178,38,107,17298
5553957443,2016-04-15,2254,689,239,38,58,16556
5577150313,2016-04-25,3374,743,214,38,61,6393
6962181067,2016-04-27,2034,697,279,38,7,10320
2022484408,2016-04-29,2611,1098,281,40,21,10245
3977333714,2016-05-01,1501,691,124,40,41,10414
4702921684,2016-05-02,2859,1131,195,40,5,7245
5553957443,2016-05-10,2335,707,265,40,61,16358
7086361926,2016-05-11,2735,757,128,40,57,9572
1644430081,2016-04-26,3123,1165,223,41,11,9919
3977333714,2016-05-03,1710,594,258,41,47,14335
4558609924,2016-04-26,2223,1062,283,41,12,9148
4702921684,2016-04-21,2729,901,144,41,4,6530
4702921684,2016-05-11,3069,784,235,41,10,9810
5553957443,2016-04-14,2324,693,256,41,61,17022
6962181067,2016-04-19,2046,659,195,41,35,10742
6962181067,2016-04-23,2571,484,347,41,58,20031
1644430081,2016-04-16,3493,1135,212,42,51,15300
3977333714,2016-04-15,1468,644,183,42,15,9010
4388161847,2016-04-20,3083,696,228,42,19,10553
5553957443,2016-04-21,2066,801,177,42,47,12346
6962181067,2016-04-18,2039,689,238,42,13,11404
7007744171,2016-04-29,3180,961,382,42,55,20067
7086361926,2016-05-07,2739,621,209,42,20,12827
1503960366,2016-05-07,1821,833,175,46,37,11992
3977333714,2016-04-13,1495,754,153,46,31,10035
4020332650,2016-05-04,3879,531,346,46,13,10252
4702921684,2016-05-07,3683,577,439,46,5,14370
1644430081,2016-04-12,3199,1131,256,51,2,10694
5577150313,2016-04-28,3580,692,141,51,99,9841
7086361926,2016-04-18,2743,1136,114,51,61,9827
8253242879,2016-04-16,1880,1268,115,51,6,9256
3977333714,2016-04-18,1584,605,214,95,4,11663
3977333714,2016-04-24,1655,660,129,95,30,14112
3977333714,2016-04-26,1551,797,170,95,7,11388
4702921684,2016-04-24,3538,542,281,95,15,15050
1624580081,2016-05-01,2690,1020,171,63,186,36019
1624580081,2016-04-21,1467,1254,186,0,0,6349
1624580081,2016-04-25,1492,1238,202,0,0,6497
1624580081,2016-05-03,1334,1344,96,0,0,2100
1624580081,2016-05-05,1370,1323,117,0,0,2470
1644430081,2016-05-04,2222,1388,52,0,0,2309
2873212765,2016-04-22,2241,1028,366,0,46,7286
3372868164,2016-04-15,1908,1105,335,0,0,7451
3372868164,2016-04-19,1985,1064,376,0,0,7711
6290855005,2016-04-18,2766,1169,271,0,0,6885
6290855005,2016-05-02,2725,1172,268,0,0,6781
6290855005,2016-05-09,2175,800,264,0,0,6277
3372868164,2016-04-20,1867,1148,274,3,15,4880
1644430081,2016-05-06,3328,1054,369,6,11,9787
2873212765,2016-05-02,1878,1099,334,7,0,7525
3372868164,2016-04-24,1921,1127,292,7,14,6731
2873212765,2016-04-13,2004,1028,404,8,0,7618
3372868164,2016-04-13,2093,1045,371,8,16,9715
8877689391,2016-04-14,3793,1061,298,13,68,21129
7007744171,2016-04-18,2832,1077,284,31,48,14816
6290855005,2016-05-01,3327,1055,282,95,8,9837
3372868164,2016-04-16,1908,1084,356,0,0,6905
6290855005,2016-04-14,2952,1077,363,0,0,7671
6290855005,2016-04-27,2743,1153,287,0,0,5565
6290855005,2016-05-06,2806,1135,305,0,0,6116
1624580081,2016-04-14,1572,1204,236,0,0,9107
1624580081,2016-04-23,1562,1213,227,0,0,8538
1624580081,2016-04-26,1402,1300,140,0,0,2826
1624580081,2016-05-06,1341,1338,102,0,0,1727
1624580081,2016-05-10,1393,1301,139,0,0,2969
1624580081,2016-05-12,1002,890,107,0,0,2971
1644430081,2016-04-20,2430,1315,125,0,0,2436
1644430081,2016-04-21,2140,1402,38,0,0,1223
1644430081,2016-04-22,2344,1354,86,0,0,3673
1644430081,2016-05-11,1276,713,49,0,0,1329
2873212765,2016-04-15,2063,992,448,0,0,8482
2873212765,2016-05-10,1962,1067,373,0,0,8275
2873212765,2016-05-11,1826,1121,319,0,0,6440
3372868164,2016-04-12,1788,1160,280,0,0,4747
3372868164,2016-04-22,1669,1234,206,0,0,3843
3372868164,2016-04-29,2044,1038,402,0,0,9135
4020332650,2016-05-06,2704,855,177,0,0,4369
6290855005,2016-04-13,2905,1090,350,0,0,7142
6290855005,2016-04-15,2896,1112,328,0,0,9501
6290855005,2016-04-16,2783,1182,258,0,0,8301
6290855005,2016-04-19,2839,1119,321,0,0,7142
6290855005,2016-04-20,2701,1182,258,0,0,6361
6290855005,2016-04-30,2843,1116,324,0,0,6744
6290855005,2016-05-04,2718,1168,272,0,0,5832
2873212765,2016-04-16,2148,1087,305,1,47,9685
8877689391,2016-04-15,3934,1052,281,1,106,13422
3372868164,2016-04-17,1964,1105,322,2,11,8199
3372868164,2016-04-26,2057,1083,333,2,22,8283
6290855005,2016-04-25,2771,1180,249,3,8,7802
8877689391,2016-05-03,2817,1189,229,3,19,10818
3372868164,2016-04-30,1946,1119,300,4,17,5250
2873212765,2016-04-20,2094,1035,378,5,22,9202
2873212765,2016-04-23,2021,1077,330,5,28,9317
2873212765,2016-05-06,1910,1065,370,5,0,7063
1644430081,2016-05-09,3008,1099,303,6,32,6643
2873212765,2016-05-03,1906,1070,363,6,1,7412
8877689391,2016-04-23,3891,1032,300,6,102,11200
1624580081,2016-04-18,1604,1214,202,7,17,10536
8877689391,2016-04-25,3802,1101,218,8,113,12986
3372868164,2016-04-21,2124,1037,376,9,18,8857
2873212765,2016-04-21,1970,1057,371,10,2,8859
1644430081,2016-05-05,2463,1341,81,12,6,4363
3372868164,2016-04-27,2095,1057,346,13,24,7904
1644430081,2016-05-07,3404,1139,243,17,41,13372
8253242879,2016-04-20,1931,1201,216,18,5,6466
1644430081,2016-05-10,2799,1254,155,19,12,9167
2873212765,2016-04-30,1830,1167,248,20,5,8452
1624580081,2016-04-17,1554,1276,127,22,15,6175
1624580081,2016-04-30,1655,1182,224,23,11,6474
3372868164,2016-04-14,2065,1039,370,25,6,8844